deck_type,num_decks,random_seed,gen_time,file_size,write_time,read_time
DeckStack_npy,10000,0,0 days 00:00:00.026139,0.49603271484375,0:00:00.002007,0:00:00.281068
DeckStack_bin,10000,1,0 days 00:00:00.145772,0.49591064453125,0:00:00.012421,0:00:00.049178
DeckStack_npy,10000,2,0 days 00:00:00.031605,0.49603271484375,0:00:00.036734,0:00:00.173306
DeckStack_bin,10000,3,0 days 00:00:00.115075,0.49591064453125,0:00:00.004024,0:00:00.039203
DeckStack_npy,10000,4,0 days 00:00:00.016533,0.49603271484375,0:00:00.002012,0:00:00.116552
DeckStack_bin,10000,5,0 days 00:00:00.117921,0.49591064453125,0:00:00.005678,0:00:00.050844
DeckStack_npy,10000,6,0 days 00:00:00.027161,0.49603271484375,0:00:00.002939,0:00:00.118964
DeckStack_bin,10000,7,0 days 00:00:00.087651,0.49591064453125,0:00:00.006728,0:00:00.035027
DeckStack_npy,10000,8,0 days 00:00:00.008522,0.49603271484375,0:00:00.002981,0:00:00.120713
DeckStack_bin,10000,9,0 days 00:00:00.091900,0.49591064453125,0:00:00.008470,0:00:00.037590
DeckStack_npy,10000,10,0 days 00:00:00.010865,0.49603271484375,0:00:00.037262,0:00:00.154127
DeckStack_bin,10000,11,0 days 00:00:00.089259,0.49591064453125,0:00:00,0:00:00.047130
DeckStack_npy,10000,12,0 days 00:00:00.008307,0.49603271484375,0:00:00.038253,0:00:00.146854
DeckStack_bin,10000,13,0 days 00:00:00.096113,0.49591064453125,0:00:00.004008,0:00:00.039268
DeckStack_npy,10000,14,0 days 00:00:00.026101,0.49603271484375,0:00:00.047775,0:00:00.121587
DeckStack_bin,10000,15,0 days 00:00:00.086648,0.49591064453125,0:00:00.014544,0:00:00.031078
DeckStack_npy,10000,16,0 days 00:00:00.015922,0.49603271484375,0:00:00.037550,0:00:00.220060
DeckStack_bin,10000,17,0 days 00:00:00.087193,0.49591064453125,0:00:00.006660,0:00:00.040710
DeckStack_npy,10000,18,0 days 00:00:00.016928,0.49603271484375,0:00:00.037357,0:00:00.115746
DeckStack_bin,10000,19,0 days 00:00:00.102297,0.49591064453125,0:00:00,0:00:00.047864
DeckStack_npy,10000,20,0 days 00:00:00.005751,0.49603271484375,0:00:00,0:00:00.151756
DeckStack_bin,10000,21,0 days 00:00:00.118216,0.49591064453125,0:00:00.012761,0:00:00.035462
DeckStack_npy,10000,22,0 days 00:00:00.016203,0.49603271484375,0:00:00.039908,0:00:00.121710
DeckStack_bin,10000,23,0 days 00:00:00.091317,0.49591064453125,0:00:00.011288,0:00:00.030315
DeckStack_npy,10000,24,0 days 00:00:00.015658,0.49603271484375,0:00:00.037977,0:00:00.120006
DeckStack_bin,10000,25,0 days 00:00:00.097141,0.49591064453125,0:00:00.055720,0:00:00.040279
DeckStack_npy,10000,26,0 days 00:00:00.017671,0.49603271484375,0:00:00.008510,0:00:00.095693
DeckStack_bin,10000,27,0 days 00:00:00.093328,0.49591064453125,0:00:00.012652,0:00:00.047194
DeckStack_npy,10000,28,0 days 00:00:00.019421,0.49603271484375,0:00:00.037702,0:00:00.110597
DeckStack_bin,10000,29,0 days 00:00:00.093841,0.49591064453125,0:00:00,0:00:00.039723
DeckStack_npy,10000,30,0 days 00:00:00.018037,0.49603271484375,0:00:00.038254,0:00:00.112264
DeckStack_bin,10000,31,0 days 00:00:00.106860,0.49591064453125,0:00:00.011448,0:00:00.040277
DeckStack_npy,10000,32,0 days 00:00:00.015923,0.49603271484375,0:00:00.038479,0:00:00.122780
DeckStack_bin,10000,33,0 days 00:00:00.093005,0.49591064453125,0:00:00.011085,0:00:00.031891
DeckStack_npy,10000,34,0 days 00:00:00.015872,0.49603271484375,0:00:00.041931,0:00:00.116648
DeckStack_bin,10000,35,0 days 00:00:00.085261,0.49591064453125,0:00:00,0:00:00.047416
DeckStack_npy,10000,36,0 days 00:00:00.063150,0.49603271484375,0:00:00.040849,0:00:00.128594
DeckStack_bin,10000,37,0 days 00:00:00.091026,0.49591064453125,0:00:00.006414,0:00:00.031305
DeckStack_npy,10000,38,0 days 00:00:00.015765,0.49603271484375,0:00:00.041264,0:00:00.130168
DeckStack_bin,10000,39,0 days 00:00:00.099876,0.49591064453125,0:00:00.009030,0:00:00.034911
DeckStack_npy,10000,40,0 days 00:00:00.021945,0.49603271484375,0:00:00.036168,0:00:00.171529
DeckStack_bin,10000,41,0 days 00:00:00.111851,0.49591064453125,0:00:00,0:00:00.046069
DeckStack_npy,10000,42,0 days 00:00:00.017830,0.49603271484375,0:00:00.039379,0:00:00.110918
DeckStack_bin,10000,43,0 days 00:00:00.097914,0.49591064453125,0:00:00.007911,0:00:00.016116
DeckStack_npy,10000,44,0 days 00:00:00.018663,0.49603271484375,0:00:00.038126,0:00:00.116448
DeckStack_bin,10000,45,0 days 00:00:00.086706,0.49591064453125,0:00:00.003114,0:00:00.033937
DeckStack_npy,10000,46,0 days 00:00:00.016705,0.49603271484375,0:00:00.038277,0:00:00.109764
DeckStack_bin,10000,47,0 days 00:00:00.105013,0.49591064453125,0:00:00.001988,0:00:00.035626
DeckStack_npy,10000,48,0 days 00:00:00.008541,0.49603271484375,0:00:00,0:00:00.100244
DeckStack_bin,10000,49,0 days 00:00:00.094233,0.49591064453125,0:00:00,0:00:00.045250
DeckStack_npy,10000,50,0 days 00:00:00.021354,0.49603271484375,0:00:00.038315,0:00:00.117523
DeckStack_bin,10000,51,0 days 00:00:00.123298,0.49591064453125,0:00:00.003103,0:00:00.047769
DeckStack_npy,10000,52,0 days 00:00:00.011019,0.49603271484375,0:00:00.037298,0:00:00.112302
DeckStack_bin,10000,53,0 days 00:00:00.098168,0.49591064453125,0:00:00,0:00:00.044564
DeckStack_npy,10000,54,0 days 00:00:00.015936,0.49603271484375,0:00:00.047618,0:00:00.396908
DeckStack_bin,10000,55,0 days 00:00:00.085606,0.49591064453125,0:00:00.007074,0:00:00.028903
DeckStack_npy,10000,56,0 days 00:00:00.022448,0.49603271484375,0:00:00.006635,0:00:00.207680
DeckStack_bin,10000,57,0 days 00:00:00.112735,0.49591064453125,0:00:00.002750,0:00:00.041920
DeckStack_npy,10000,58,0 days 00:00:00.018123,0.49603271484375,0:00:00.038432,0:00:00.171725
DeckStack_bin,10000,59,0 days 00:00:00.094703,0.49591064453125,0:00:00.005722,0:00:00.042449
DeckStack_npy,10000,60,0 days 00:00:00.012525,0.49603271484375,0:00:00.051982,0:00:00.115885
DeckStack_bin,10000,61,0 days 00:00:00.100398,0.49591064453125,0:00:00.006341,0:00:00.038738
DeckStack_npy,10000,62,0 days 00:00:00.030415,0.49603271484375,0:00:00.006490,0:00:00.111964
DeckStack_bin,10000,63,0 days 00:00:00.096016,0.49591064453125,0:00:00.004669,0:00:00.035647
DeckStack_npy,10000,64,0 days 00:00:00.025574,0.49603271484375,0:00:00.036904,0:00:00.122164
DeckStack_bin,10000,65,0 days 00:00:00.083234,0.49591064453125,0:00:00,0:00:00.023321
DeckStack_npy,10000,66,0 days 00:00:00.021067,0.49603271484375,0:00:00.039189,0:00:00.130403
DeckStack_bin,10000,67,0 days 00:00:00.100075,0.49591064453125,0:00:00.004842,0:00:00.041054
DeckStack_npy,10000,68,0 days 00:00:00.023841,0.49603271484375,0:00:00,0:00:00.176904
DeckStack_bin,10000,69,0 days 00:00:00.105375,0.49591064453125,0:00:00.002006,0:00:00.035513
DeckStack_npy,10000,70,0 days 00:00:00.015813,0.49603271484375,0:00:00.041230,0:00:00.168202
DeckStack_bin,10000,71,0 days 00:00:00.095826,0.49591064453125,0:00:00.012717,0:00:00.021115
DeckStack_npy,10000,72,0 days 00:00:00.018518,0.49603271484375,0:00:00.038851,0:00:00.125250
DeckStack_bin,10000,73,0 days 00:00:00.094212,0.49591064453125,0:00:00.008836,0:00:00.019757
DeckStack_npy,10000,74,0 days 00:00:00.015305,0.49603271484375,0:00:00.049302,0:00:00.156991
DeckStack_bin,10000,75,0 days 00:00:00.092801,0.49591064453125,0:00:00.009702,0:00:00.039144
DeckStack_npy,10000,76,0 days 00:00:00.016776,0.49603271484375,0:00:00.042164,0:00:00.175356
DeckStack_bin,10000,77,0 days 00:00:00.095419,0.49591064453125,0:00:00.006116,0:00:00.051389
DeckStack_npy,10000,78,0 days 00:00:00.016019,0.49603271484375,0:00:00.037051,0:00:00.140858
DeckStack_bin,10000,79,0 days 00:00:00.096660,0.49591064453125,0:00:00.003876,0:00:00.040069
DeckStack_npy,10000,80,0 days 00:00:00.031642,0.49603271484375,0:00:00.037118,0:00:00.166054
DeckStack_bin,10000,81,0 days 00:00:00.092924,0.49591064453125,0:00:00.015033,0:00:00.042846
DeckStack_npy,10000,82,0 days 00:00:00.015936,0.49603271484375,0:00:00.045810,0:00:00.119772
DeckStack_bin,10000,83,0 days 00:00:00.093300,0.49591064453125,0:00:00.051739,0:00:00.042523
DeckStack_npy,10000,84,0 days 00:00:00.057866,0.49603271484375,0:00:00.043930,0:00:00.110564
DeckStack_bin,10000,85,0 days 00:00:00.323894,0.49591064453125,0:00:00.007167,0:00:00.045026
DeckStack_npy,10000,86,0 days 00:00:00.064092,0.49603271484375,0:00:00.045762,0:00:00.173092
DeckStack_bin,10000,87,0 days 00:00:00.388226,0.49591064453125,0:00:00.010012,0:00:00.045507
DeckStack_npy,10000,88,0 days 00:00:00.063418,0.49603271484375,0:00:00.040644,0:00:00.201510
DeckStack_bin,10000,89,0 days 00:00:00.333344,0.49591064453125,0:00:00.013949,0:00:00.044443
DeckStack_npy,10000,90,0 days 00:00:00.066489,0.49603271484375,0:00:00.002024,0:00:00.138279
DeckStack_bin,10000,91,0 days 00:00:00.436107,0.49591064453125,0:00:00.008352,0:00:00.048476
DeckStack_npy,10000,92,0 days 00:00:00.076460,0.49603271484375,0:00:00.038539,0:00:00.147022
DeckStack_bin,10000,93,0 days 00:00:00.326357,0.49591064453125,0:00:00.014622,0:00:00.041673
DeckStack_npy,10000,94,0 days 00:00:00.060840,0.49603271484375,0:00:00.039296,0:00:00.118750
DeckStack_bin,10000,95,0 days 00:00:00.386201,0.49591064453125,0:00:00.015826,0:00:00.047418
DeckStack_npy,10000,96,0 days 00:00:00.059452,0.49603271484375,0:00:00.039906,0:00:00.188632
DeckStack_bin,10000,97,0 days 00:00:00.385093,0.49591064453125,0:00:00.009098,0:00:00.057383
DeckStack_npy,10000,98,0 days 00:00:00.064259,0.49603271484375,0:00:00.038021,0:00:00.272576
DeckStack_bin,10000,99,0 days 00:00:00.333393,0.49591064453125,0:00:00.014424,0:00:00.029327
DeckStack_npy,10000,100,0 days 00:00:00.077456,0.49603271484375,0:00:00.036435,0:00:00.183487
DeckStack_bin,10000,101,0 days 00:00:00.403806,0.49591064453125,0:00:00.024689,0:00:00.036019
DeckStack_npy,10000,102,0 days 00:00:00.063554,0.49603271484375,0:00:00.002014,0:00:00.721720
DeckStack_bin,10000,103,0 days 00:00:00.329655,0.49591064453125,0:00:00.016877,0:00:00.032559
DeckStack_npy,10000,104,0 days 00:00:00.065320,0.49603271484375,0:00:00.039840,0:00:00.178089
DeckStack_bin,10000,105,0 days 00:00:00.439770,0.49591064453125,0:00:00.010132,0:00:00.047692
DeckStack_npy,10000,106,0 days 00:00:00.088701,0.49603271484375,0:00:00.037484,0:00:00.123068
DeckStack_bin,10000,107,0 days 00:00:00.331952,0.49591064453125,0:00:00.024172,0:00:00.043819
DeckStack_npy,10000,108,0 days 00:00:00.061658,0.49603271484375,0:00:00.042034,0:00:00.095223
DeckStack_bin,10000,109,0 days 00:00:00.363320,0.49591064453125,0:00:00.016301,0:00:00.033695
DeckStack_npy,10000,110,0 days 00:00:00.055958,0.49603271484375,0:00:00.039429,0:00:00.131656
DeckStack_bin,10000,111,0 days 00:00:00.415381,0.49591064453125,0:00:00.018337,0:00:00.046222
DeckStack_npy,10000,112,0 days 00:00:00.064031,0.49603271484375,0:00:00.043531,0:00:00.135539
DeckStack_bin,10000,113,0 days 00:00:00.386092,0.49591064453125,0:00:00.023901,0:00:00.039222
DeckStack_npy,10000,114,0 days 00:00:00.068814,0.49603271484375,0:00:00,0:00:00.219542
DeckStack_bin,10000,115,0 days 00:00:00.345600,0.49591064453125,0:00:00.003065,0:00:00.048786
DeckStack_npy,10000,116,0 days 00:00:00.053413,0.49603271484375,0:00:00.049242,0:00:00.109263
DeckStack_bin,10000,117,0 days 00:00:00.314472,0.49591064453125,0:00:00.015971,0:00:00.034347
DeckStack_npy,10000,118,0 days 00:00:00.066440,0.49603271484375,0:00:00.040221,0:00:00.114946
DeckStack_bin,10000,119,0 days 00:00:00.319931,0.49591064453125,0:00:00.017842,0:00:00.032039
DeckStack_npy,10000,120,0 days 00:00:00.064487,0.49603271484375,0:00:00.041922,0:00:00.109873
DeckStack_bin,10000,121,0 days 00:00:00.313500,0.49591064453125,0:00:00.016770,0:00:00.040156
DeckStack_npy,10000,122,0 days 00:00:00.060537,0.49603271484375,0:00:00.023335,0:00:00.117410
DeckStack_bin,10000,123,0 days 00:00:00.365134,0.49591064453125,0:00:00.015695,0:00:00.047686
DeckStack_npy,10000,124,0 days 00:00:00.031539,0.49603271484375,0:00:00.038477,0:00:00.120823
DeckStack_bin,10000,125,0 days 00:00:00.095192,0.49591064453125,0:00:00.005602,0:00:00.043773
DeckStack_npy,10000,126,0 days 00:00:00.024314,0.49603271484375,0:00:00.040114,0:00:00.101093
DeckStack_bin,10000,127,0 days 00:00:00.111037,0.49591064453125,0:00:00.016980,0:00:00.057248
DeckStack_npy,10000,128,0 days 00:00:00.015972,0.49603271484375,0:00:00.044523,0:00:00.115524
DeckStack_bin,10000,129,0 days 00:00:00.105354,0.49591064453125,0:00:00.009525,0:00:00.041725
DeckStack_npy,10000,130,0 days 00:00:00.019518,0.49603271484375,0:00:00.041752,0:00:00.103895
DeckStack_bin,10000,131,0 days 00:00:00.097977,0.49591064453125,0:00:00.002875,0:00:00.028853
DeckStack_npy,10000,132,0 days 00:00:00.021250,0.49603271484375,0:00:00.043961,0:00:00.114832
DeckStack_bin,10000,133,0 days 00:00:00.108933,0.49591064453125,0:00:00.004586,0:00:00.049545
DeckStack_npy,10000,134,0 days 00:00:00.018587,0.49603271484375,0:00:00.042338,0:00:00.128984
DeckStack_bin,10000,135,0 days 00:00:00.133653,0.49591064453125,0:00:00.008689,0:00:00.046544
DeckStack_npy,10000,136,0 days 00:00:00.042633,0.49603271484375,0:00:00.005756,0:00:00.128942
DeckStack_bin,10000,137,0 days 00:00:00.166694,0.49591064453125,0:00:00.007860,0:00:00.046395
DeckStack_npy,10000,138,0 days 00:00:00.022310,0.49603271484375,0:00:00,0:00:00.177363
DeckStack_bin,10000,139,0 days 00:00:00.130317,0.49591064453125,0:00:00.013596,0:00:00.036685
DeckStack_npy,10000,140,0 days 00:00:00.031855,0.49603271484375,0:00:00.037553,0:00:00.131913
DeckStack_bin,10000,141,0 days 00:00:00.116401,0.49591064453125,0:00:00.010061,0:00:00.048428
DeckStack_npy,10000,142,0 days 00:00:00.027795,0.49603271484375,0:00:00.038967,0:00:00.166124
DeckStack_bin,10000,143,0 days 00:00:00.124613,0.49591064453125,0:00:00.008475,0:00:00.047086
DeckStack_npy,10000,144,0 days 00:00:00.024974,0.49603271484375,0:00:00,0:00:00.133631
DeckStack_bin,10000,145,0 days 00:00:00.114403,0.49591064453125,0:00:00.004828,0:00:00.045518
DeckStack_npy,10000,146,0 days 00:00:00.021027,0.49603271484375,0:00:00,0:00:00.112158
DeckStack_bin,10000,147,0 days 00:00:00.087734,0.49591064453125,0:00:00.008998,0:00:00.031793
DeckStack_npy,10000,148,0 days 00:00:00.023369,0.49603271484375,0:00:00.004630,0:00:00.114196
DeckStack_bin,10000,149,0 days 00:00:00.113692,0.49591064453125,0:00:00.006795,0:00:00.037596
DeckStack_npy,10000,150,0 days 00:00:00.020790,0.49603271484375,0:00:00.041155,0:00:00.121591
DeckStack_bin,10000,151,0 days 00:00:00.093528,0.49591064453125,0:00:00,0:00:00.041335
DeckStack_npy,10000,152,0 days 00:00:00.030633,0.49603271484375,0:00:00,0:00:00.118985
DeckStack_bin,10000,153,0 days 00:00:00.285282,0.49591064453125,0:00:00.019353,0:00:00.040402
DeckStack_npy,10000,154,0 days 00:00:00.071161,0.49603271484375,0:00:00.037387,0:00:00.116977
DeckStack_bin,10000,155,0 days 00:00:00.331674,0.49591064453125,0:00:00.045174,0:00:00.042974
DeckStack_npy,10000,156,0 days 00:00:00.063605,0.49603271484375,0:00:00.046184,0:00:00.166988
DeckStack_bin,10000,157,0 days 00:00:00.331414,0.49591064453125,0:00:00.010588,0:00:00.046269
DeckStack_npy,10000,158,0 days 00:00:00.070316,0.49603271484375,0:00:00.037018,0:00:00.122489
DeckStack_bin,10000,159,0 days 00:00:00.341825,0.49591064453125,0:00:00.014234,0:00:00.046726
DeckStack_npy,10000,160,0 days 00:00:00.063549,0.49603271484375,0:00:00.048476,0:00:00.106058
DeckStack_bin,10000,161,0 days 00:00:00.349813,0.49591064453125,0:00:00.016416,0:00:00.040467
DeckStack_npy,10000,162,0 days 00:00:00.064746,0.49603271484375,0:00:00.041240,0:00:00.120691
DeckStack_bin,10000,163,0 days 00:00:00.319331,0.49591064453125,0:00:00.015860,0:00:00.040086
DeckStack_npy,10000,164,0 days 00:00:00.077336,0.49603271484375,0:00:00.038408,0:00:00.120719
DeckStack_bin,10000,165,0 days 00:00:00.331315,0.49591064453125,0:00:00.023585,0:00:00.049566
DeckStack_npy,10000,166,0 days 00:00:00.067359,0.49603271484375,0:00:00.038562,0:00:00.106230
DeckStack_bin,10000,167,0 days 00:00:00.306414,0.49591064453125,0:00:00.016312,0:00:00.032051
DeckStack_npy,10000,168,0 days 00:00:00.067524,0.49603271484375,0:00:00.037980,0:00:00.095164
DeckStack_bin,10000,169,0 days 00:00:00.321256,0.49591064453125,0:00:00.013518,0:00:00.031780
DeckStack_npy,10000,170,0 days 00:00:00.052717,0.49603271484375,0:00:00.043027,0:00:00.162398
DeckStack_bin,10000,171,0 days 00:00:00.339078,0.49591064453125,0:00:00.010950,0:00:00.049232
DeckStack_npy,10000,172,0 days 00:00:00.063846,0.49603271484375,0:00:00.050469,0:00:00.113368
DeckStack_bin,10000,173,0 days 00:00:00.321940,0.49591064453125,0:00:00.020697,0:00:00.032951
DeckStack_npy,10000,174,0 days 00:00:00.060727,0.49603271484375,0:00:00,0:00:00.111348
DeckStack_bin,10000,175,0 days 00:00:00.314155,0.49591064453125,0:00:00.020974,0:00:00.075304
DeckStack_npy,10000,176,0 days 00:00:00.058558,0.49603271484375,0:00:00.039919,0:00:00.050656
DeckStack_bin,10000,177,0 days 00:00:00.337268,0.49591064453125,0:00:00.015884,0:00:00.047435
DeckStack_npy,10000,178,0 days 00:00:00.060983,0.49603271484375,0:00:00.048369,0:00:00.159067
DeckStack_bin,10000,179,0 days 00:00:00.364712,0.49591064453125,0:00:00.018392,0:00:00.034921
DeckStack_npy,10000,180,0 days 00:00:00.062542,0.49603271484375,0:00:00.038236,0:00:00.137198
DeckStack_bin,10000,181,0 days 00:00:00.343009,0.49591064453125,0:00:00.011604,0:00:00.045822
DeckStack_npy,10000,182,0 days 00:00:00.070352,0.49603271484375,0:00:00.043001,0:00:00.162890
DeckStack_bin,10000,183,0 days 00:00:00.444575,0.49591064453125,0:00:00.025233,0:00:00.028627
DeckStack_npy,10000,184,0 days 00:00:00.068475,0.49603271484375,0:00:00.038289,0:00:00.169767
DeckStack_bin,10000,185,0 days 00:00:00.330276,0.49591064453125,0:00:00.017679,0:00:00.045511
DeckStack_npy,10000,186,0 days 00:00:00.055600,0.49603271484375,0:00:00,0:00:00.176582
DeckStack_bin,10000,187,0 days 00:00:00.355193,0.49591064453125,0:00:00.026386,0:00:00.020310
DeckStack_npy,10000,188,0 days 00:00:00.061330,0.49603271484375,0:00:00.037691,0:00:00.124143
DeckStack_bin,10000,189,0 days 00:00:00.320024,0.49591064453125,0:00:00.013433,0:00:00.041664
DeckStack_npy,10000,190,0 days 00:00:00.069459,0.49603271484375,0:00:00.042450,0:00:00.104377
DeckStack_bin,10000,191,0 days 00:00:00.340696,0.49591064453125,0:00:00.016608,0:00:00.035045
DeckStack_npy,10000,192,0 days 00:00:00.045812,0.49603271484375,0:00:00,0:00:00.099565
DeckStack_bin,10000,193,0 days 00:00:00.319228,0.49591064453125,0:00:00.008301,0:00:00.047401
DeckStack_npy,10000,194,0 days 00:00:00.064073,0.49603271484375,0:00:00.036645,0:00:00.427611
DeckStack_bin,10000,195,0 days 00:00:00.315809,0.49591064453125,0:00:00.012680,0:00:00.048193
DeckStack_npy,10000,196,0 days 00:00:00.066597,0.49603271484375,0:00:00.039357,0:00:00.287055
DeckStack_bin,10000,197,0 days 00:00:00.328318,0.49591064453125,0:00:00.049610,0:00:00.024328
DeckStack_npy,10000,198,0 days 00:00:00.071001,0.49603271484375,0:00:00.038858,0:00:00.166031
DeckStack_bin,10000,199,0 days 00:00:00.323251,0.49591064453125,0:00:00.012391,0:00:00.046658
DeckStack_npy,10000,200,0 days 00:00:00.051281,0.49603271484375,0:00:00.050999,0:00:00.111459
DeckStack_bin,10000,201,0 days 00:00:00.333553,0.49591064453125,0:00:00.018883,0:00:00.039487
DeckStack_npy,10000,202,0 days 00:00:00.061155,0.49603271484375,0:00:00,0:00:00.160890
DeckStack_bin,10000,203,0 days 00:00:00.362383,0.49591064453125,0:00:00.015286,0:00:00.037699
DeckStack_npy,10000,204,0 days 00:00:00.064720,0.49603271484375,0:00:00.039044,0:00:00.169154
DeckStack_bin,10000,205,0 days 00:00:00.331279,0.49591064453125,0:00:00.022498,0:00:00.056597
DeckStack_npy,10000,206,0 days 00:00:00.069156,0.49603271484375,0:00:00.044358,0:00:00.106999
DeckStack_bin,10000,207,0 days 00:00:00.333708,0.49591064453125,0:00:00.015159,0:00:00.037477
DeckStack_npy,10000,208,0 days 00:00:00.067638,0.49603271484375,0:00:00.040078,0:00:00.102128
DeckStack_bin,10000,209,0 days 00:00:00.369519,0.49591064453125,0:00:00.016434,0:00:00.047786
DeckStack_npy,10000,210,0 days 00:00:00.047831,0.49603271484375,0:00:00.041382,0:00:00.120058
DeckStack_bin,10000,211,0 days 00:00:00.317047,0.49591064453125,0:00:00.014809,0:00:00.031938
DeckStack_npy,10000,212,0 days 00:00:00.060167,0.49603271484375,0:00:00,0:00:00.107646
DeckStack_bin,10000,213,0 days 00:00:00.334522,0.49591064453125,0:00:00.009363,0:00:00.035832
DeckStack_npy,10000,214,0 days 00:00:00.065317,0.49603271484375,0:00:00.021220,0:00:00.116678
DeckStack_bin,10000,215,0 days 00:00:00.326180,0.49591064453125,0:00:00.019938,0:00:00.041194
DeckStack_npy,10000,216,0 days 00:00:00.056308,0.49603271484375,0:00:00.042502,0:00:00.094667
DeckStack_bin,10000,217,0 days 00:00:00.334693,0.49591064453125,0:00:00.028387,0:00:00.034272
DeckStack_npy,10000,218,0 days 00:00:00.075739,0.49603271484375,0:00:00.040892,0:00:00.111970
DeckStack_bin,10000,219,0 days 00:00:00.340404,0.49591064453125,0:00:00.016697,0:00:00.039819
DeckStack_npy,10000,220,0 days 00:00:00.065552,0.49603271484375,0:00:00.041522,0:00:00.154778
DeckStack_bin,10000,221,0 days 00:00:00.330479,0.49591064453125,0:00:00.010412,0:00:00.042838
DeckStack_npy,10000,222,0 days 00:00:00.060766,0.49603271484375,0:00:00.041147,0:00:00.199733
DeckStack_bin,10000,223,0 days 00:00:00.306378,0.49591064453125,0:00:00.022729,0:00:00.044591
DeckStack_npy,10000,224,0 days 00:00:00.066699,0.49603271484375,0:00:00.038590,0:00:00.121073
DeckStack_bin,10000,225,0 days 00:00:00.315780,0.49591064453125,0:00:00.016112,0:00:00.033582
DeckStack_npy,10000,226,0 days 00:00:00.066905,0.49603271484375,0:00:00.015929,0:00:00.114847
DeckStack_bin,10000,227,0 days 00:00:00.301952,0.49591064453125,0:00:00.015999,0:00:00.046773
DeckStack_npy,10000,228,0 days 00:00:00.063467,0.49603271484375,0:00:00.038751,0:00:00.170418
DeckStack_bin,10000,229,0 days 00:00:00.378880,0.49591064453125,0:00:00.013280,0:00:00.041868
DeckStack_npy,10000,230,0 days 00:00:00.061326,0.49603271484375,0:00:00,0:00:00.197208
DeckStack_bin,10000,231,0 days 00:00:00.326925,0.49591064453125,0:00:00.015584,0:00:00.032101
DeckStack_npy,10000,232,0 days 00:00:00.051654,0.49603271484375,0:00:00.038323,0:00:00.202538
DeckStack_bin,10000,233,0 days 00:00:00.323760,0.49591064453125,0:00:00.015858,0:00:00.047379
DeckStack_npy,10000,234,0 days 00:00:00.063247,0.49603271484375,0:00:00.041386,0:00:00.155528
DeckStack_bin,10000,235,0 days 00:00:00.312392,0.49591064453125,0:00:00.013959,0:00:00.033076
DeckStack_npy,10000,236,0 days 00:00:00.068851,0.49603271484375,0:00:00,0:00:00.138434
DeckStack_bin,10000,237,0 days 00:00:00.372604,0.49591064453125,0:00:00.019042,0:00:00.039280
DeckStack_npy,10000,238,0 days 00:00:00.015679,0.49603271484375,0:00:00,0:00:00.128463
DeckStack_bin,10000,239,0 days 00:00:00.094640,0.49591064453125,0:00:00.007781,0:00:00.035667
DeckStack_npy,10000,240,0 days 00:00:00.015729,0.49603271484375,0:00:00.047836,0:00:00.121192
DeckStack_bin,10000,241,0 days 00:00:00.095908,0.49591064453125,0:00:00.004567,0:00:00.039500
DeckStack_npy,10000,242,0 days 00:00:00.015871,0.49603271484375,0:00:00.038301,0:00:00.166715
DeckStack_bin,10000,243,0 days 00:00:00.091302,0.49591064453125,0:00:00.004476,0:00:00.039863
DeckStack_npy,10000,244,0 days 00:00:00.011618,0.49603271484375,0:00:00.041189,0:00:00.108876
DeckStack_bin,10000,245,0 days 00:00:00.098411,0.49591064453125,0:00:00.004346,0:00:00.037786
DeckStack_npy,10000,246,0 days 00:00:00.016664,0.49603271484375,0:00:00.036277,0:00:00.110433
DeckStack_bin,10000,247,0 days 00:00:00.120234,0.49591064453125,0:00:00,0:00:00.044322
DeckStack_npy,10000,248,0 days 00:00:00.015741,0.49603271484375,0:00:00.041013,0:00:00.120475
DeckStack_bin,10000,249,0 days 00:00:00.099472,0.49591064453125,0:00:00.017997,0:00:00.027658
DeckStack_npy,10000,250,0 days 00:00:00.009856,0.49603271484375,0:00:00.038892,0:00:00.168359
DeckStack_bin,10000,251,0 days 00:00:00.091128,0.49591064453125,0:00:00,0:00:00.045997
DeckStack_npy,10000,252,0 days 00:00:00.025990,0.49603271484375,0:00:00.037448,0:00:00.119482
DeckStack_bin,10000,253,0 days 00:00:00.091512,0.49591064453125,0:00:00,0:00:00.051253
DeckStack_npy,10000,254,0 days 00:00:00.018514,0.49603271484375,0:00:00.037537,0:00:00.154517
DeckStack_bin,10000,255,0 days 00:00:00.095777,0.49591064453125,0:00:00,0:00:00.040867
DeckStack_npy,10000,256,0 days 00:00:00.008988,0.49603271484375,0:00:00.043923,0:00:00.163587
DeckStack_bin,10000,257,0 days 00:00:00.115366,0.49591064453125,0:00:00.007886,0:00:00.039907
DeckStack_npy,10000,258,0 days 00:00:00.016348,0.49603271484375,0:00:00,0:00:00.268902
DeckStack_bin,10000,259,0 days 00:00:00.086469,0.49591064453125,0:00:00.006863,0:00:00.036500
DeckStack_npy,10000,260,0 days 00:00:00.017240,0.49603271484375,0:00:00.039434,0:00:00.159338
DeckStack_bin,10000,261,0 days 00:00:00.111120,0.49591064453125,0:00:00,0:00:00.048348
DeckStack_npy,10000,262,0 days 00:00:00.022004,0.49603271484375,0:00:00.037562,0:00:00.113610
DeckStack_bin,10000,263,0 days 00:00:00.091969,0.49591064453125,0:00:00,0:00:00.063946
DeckStack_npy,10000,264,0 days 00:00:00.021638,0.49603271484375,0:00:00.037923,0:00:00.154439
DeckStack_bin,10000,265,0 days 00:00:00.096932,0.49591064453125,0:00:00.006785,0:00:00.105886
DeckStack_npy,10000,266,0 days 00:00:00.016148,0.49603271484375,0:00:00.049770,0:00:00.119006
DeckStack_bin,10000,267,0 days 00:00:00.108489,0.49591064453125,0:00:00.016008,0:00:00.032069
DeckStack_npy,10000,268,0 days 00:00:00.015756,0.49603271484375,0:00:00.037148,0:00:00.132326
DeckStack_bin,10000,269,0 days 00:00:00.103771,0.49591064453125,0:00:00,0:00:00.047767
DeckStack_npy,10000,270,0 days 00:00:00.021971,0.49603271484375,0:00:00.038747,0:00:00.289907
DeckStack_bin,10000,271,0 days 00:00:00.096969,0.49591064453125,0:00:00.006041,0:00:00.043053
DeckStack_npy,10000,272,0 days 00:00:00.023963,0.49603271484375,0:00:00.036407,0:00:00.167755
DeckStack_bin,10000,273,0 days 00:00:00.106437,0.49591064453125,0:00:00,0:00:00.047634
DeckStack_npy,10000,274,0 days 00:00:00.007943,0.49603271484375,0:00:00.036474,0:00:00.170185
DeckStack_bin,10000,275,0 days 00:00:00.094012,0.49591064453125,0:00:00.006413,0:00:00.043695
DeckStack_npy,10000,276,0 days 00:00:00.017970,0.49603271484375,0:00:00.043872,0:00:00.165257
DeckStack_bin,10000,277,0 days 00:00:00.080413,0.49591064453125,0:00:00,0:00:00.052637
DeckStack_npy,10000,278,0 days 00:00:00.013033,0.49603271484375,0:00:00.030014,0:00:00.122577
DeckStack_bin,10000,279,0 days 00:00:00.096232,0.49591064453125,0:00:00.008491,0:00:00.086234
DeckStack_npy,10000,280,0 days 00:00:00.006591,0.49603271484375,0:00:00.037709,0:00:00.155988
DeckStack_bin,10000,281,0 days 00:00:00.095853,0.49591064453125,0:00:00.001309,0:00:00.021437
DeckStack_npy,10000,282,0 days 00:00:00.004692,0.49603271484375,0:00:00.039302,0:00:00.370637
DeckStack_bin,10000,283,0 days 00:00:00.089195,0.49591064453125,0:00:00.008476,0:00:00.024345
DeckStack_npy,10000,284,0 days 00:00:00.016112,0.49603271484375,0:00:00.005784,0:00:00.166793
DeckStack_bin,10000,285,0 days 00:00:00.111263,0.49591064453125,0:00:00.010788,0:00:00.024406
DeckStack_npy,10000,286,0 days 00:00:00.032758,0.49603271484375,0:00:00.045415,0:00:00.168634
DeckStack_bin,10000,287,0 days 00:00:00.108045,0.49591064453125,0:00:00.004741,0:00:00.042705
DeckStack_npy,10000,288,0 days 00:00:00.006590,0.49603271484375,0:00:00.035627,0:00:00.123013
DeckStack_bin,10000,289,0 days 00:00:00.098262,0.49591064453125,0:00:00,0:00:00.047684
DeckStack_npy,10000,290,0 days 00:00:00.026071,0.49603271484375,0:00:00.040489,0:00:00.115632
DeckStack_bin,10000,291,0 days 00:00:00.104954,0.49591064453125,0:00:00.000898,0:00:00.046899
DeckStack_npy,10000,292,0 days 00:00:00.015883,0.49603271484375,0:00:00.040250,0:00:00.165884
DeckStack_bin,10000,293,0 days 00:00:00.112282,0.49591064453125,0:00:00.005330,0:00:00.037681
DeckStack_npy,10000,294,0 days 00:00:00.023526,0.49603271484375,0:00:00.037828,0:00:00.119637
DeckStack_bin,10000,295,0 days 00:00:00.121617,0.49591064453125,0:00:00.003701,0:00:00.039790
DeckStack_npy,10000,296,0 days 00:00:00.015806,0.49603271484375,0:00:00.039732,0:00:00.184011
DeckStack_bin,10000,297,0 days 00:00:00.094649,0.49591064453125,0:00:00.006330,0:00:00.037206
DeckStack_npy,10000,298,0 days 00:00:00.032009,0.49603271484375,0:00:00.007753,0:00:00.108493
DeckStack_bin,10000,299,0 days 00:00:00.093361,0.49591064453125,0:00:00.004197,0:00:00.044702
DeckStack_npy,10000,300,0 days 00:00:00.023640,0.49603271484375,0:00:00.038838,0:00:00.130824
DeckStack_bin,10000,301,0 days 00:00:00.079549,0.49591064453125,0:00:00.011648,0:00:00.041756
DeckStack_npy,10000,302,0 days 00:00:00.017083,0.49603271484375,0:00:00.042034,0:00:00.222136
DeckStack_bin,10000,303,0 days 00:00:00.082909,0.49591064453125,0:00:00,0:00:00.044270
DeckStack_npy,10000,304,0 days 00:00:00.016849,0.49603271484375,0:00:00.039628,0:00:00.257236
DeckStack_bin,10000,305,0 days 00:00:00.115190,0.49591064453125,0:00:00,0:00:00.016146
DeckStack_npy,10000,306,0 days 00:00:00.022189,0.49603271484375,0:00:00.037835,0:00:00.215178
DeckStack_bin,10000,307,0 days 00:00:00.090445,0.49591064453125,0:00:00.006206,0:00:00.038985
DeckStack_npy,10000,308,0 days 00:00:00.017801,0.49603271484375,0:00:00,0:00:00.123679
DeckStack_bin,10000,309,0 days 00:00:00.083218,0.49591064453125,0:00:00.011202,0:00:00.042167
DeckStack_npy,10000,310,0 days 00:00:00.012542,0.49603271484375,0:00:00.051578,0:00:00.125435
DeckStack_bin,10000,311,0 days 00:00:00.098127,0.49591064453125,0:00:00.002705,0:00:00.029214
DeckStack_npy,10000,312,0 days 00:00:00.014106,0.49603271484375,0:00:00.040278,0:00:00.115165
DeckStack_bin,10000,313,0 days 00:00:00.094504,0.49591064453125,0:00:00,0:00:00.044182
DeckStack_npy,10000,314,0 days 00:00:00.018583,0.49603271484375,0:00:00.038124,0:00:00.120707
DeckStack_bin,10000,315,0 days 00:00:00.094806,0.49591064453125,0:00:00,0:00:00.047479
DeckStack_npy,10000,316,0 days 00:00:00.031397,0.49603271484375,0:00:00.038504,0:00:00.175371
DeckStack_bin,10000,317,0 days 00:00:00.094424,0.49591064453125,0:00:00,0:00:00.048351
DeckStack_npy,10000,318,0 days 00:00:00.017379,0.49603271484375,0:00:00,0:00:00.155536
DeckStack_bin,10000,319,0 days 00:00:00.093369,0.49591064453125,0:00:00.008950,0:00:00.029882
DeckStack_npy,10000,320,0 days 00:00:00.031809,0.49603271484375,0:00:00.036379,0:00:00.190942
DeckStack_bin,10000,321,0 days 00:00:00.131078,0.49591064453125,0:00:00.005176,0:00:00.031118
DeckStack_npy,10000,322,0 days 00:00:00.015807,0.49603271484375,0:00:00.048193,0:00:00.207475
DeckStack_bin,10000,323,0 days 00:00:00.126947,0.49591064453125,0:00:00,0:00:00.047798
DeckStack_npy,10000,324,0 days 00:00:00.021830,0.49603271484375,0:00:00.042635,0:00:00.207314
DeckStack_bin,10000,325,0 days 00:00:00.103468,0.49591064453125,0:00:00.007556,0:00:00.033451
DeckStack_npy,10000,326,0 days 00:00:00.019390,0.49603271484375,0:00:00.038422,0:00:00.229057
DeckStack_bin,10000,327,0 days 00:00:00.111969,0.49591064453125,0:00:00.009227,0:00:00.059433
DeckStack_npy,10000,328,0 days 00:00:00.030423,0.49603271484375,0:00:00.006285,0:00:00.115805
DeckStack_bin,10000,329,0 days 00:00:00.086110,0.49591064453125,0:00:00,0:00:00.045102
DeckStack_npy,10000,330,0 days 00:00:00.017868,0.49603271484375,0:00:00.041115,0:00:00.100145
DeckStack_bin,10000,331,0 days 00:00:00.092861,0.49591064453125,0:00:00,0:00:00.049280
DeckStack_npy,10000,332,0 days 00:00:00.016507,0.49603271484375,0:00:00.042061,0:00:00.108250
DeckStack_bin,10000,333,0 days 00:00:00.133176,0.49591064453125,0:00:00.005777,0:00:00.038911
DeckStack_npy,10000,334,0 days 00:00:00.023186,0.49603271484375,0:00:00.041134,0:00:00.102632
DeckStack_bin,10000,335,0 days 00:00:00.098434,0.49591064453125,0:00:00.004390,0:00:00.033398
DeckStack_npy,10000,336,0 days 00:00:00.017062,0.49603271484375,0:00:00.038589,0:00:00.121418
DeckStack_bin,10000,337,0 days 00:00:00.114370,0.49591064453125,0:00:00,0:00:00.045671
DeckStack_npy,10000,338,0 days 00:00:00.015765,0.49603271484375,0:00:00,0:00:00.134106
DeckStack_bin,10000,339,0 days 00:00:00.109165,0.49591064453125,0:00:00.006301,0:00:00.044043
DeckStack_npy,10000,340,0 days 00:00:00.016679,0.49603271484375,0:00:00.014239,0:00:00.150242
DeckStack_bin,10000,341,0 days 00:00:00.229379,0.49591064453125,0:00:00.015925,0:00:00.038937
DeckStack_npy,10000,342,0 days 00:00:00.061427,0.49603271484375,0:00:00.037803,0:00:00.214672
DeckStack_bin,10000,343,0 days 00:00:00.387030,0.49591064453125,0:00:00.017593,0:00:00.031510
DeckStack_npy,10000,344,0 days 00:00:00.065995,0.49603271484375,0:00:00.039325,0:00:00.243158
DeckStack_bin,10000,345,0 days 00:00:00.359992,0.49591064453125,0:00:00.016892,0:00:00.031316
DeckStack_npy,10000,346,0 days 00:00:00.064358,0.49603271484375,0:00:00.038753,0:00:00.126781
DeckStack_bin,10000,347,0 days 00:00:00.319658,0.49591064453125,0:00:00.019353,0:00:00.038031
DeckStack_npy,10000,348,0 days 00:00:00.062805,0.49603271484375,0:00:00.037908,0:00:00.130225
DeckStack_bin,10000,349,0 days 00:00:00.311539,0.49591064453125,0:00:00.016126,0:00:00.041682
DeckStack_npy,10000,350,0 days 00:00:00.057922,0.49603271484375,0:00:00.042637,0:00:00.101694
DeckStack_bin,10000,351,0 days 00:00:00.317757,0.49591064453125,0:00:00.020457,0:00:00.037051
DeckStack_npy,10000,352,0 days 00:00:00.050382,0.49603271484375,0:00:00.007780,0:00:00.123487
DeckStack_bin,10000,353,0 days 00:00:00.319106,0.49591064453125,0:00:00.016228,0:00:00.031834
DeckStack_npy,10000,354,0 days 00:00:00.063775,0.49603271484375,0:00:00.047768,0:00:00.123537
DeckStack_bin,10000,355,0 days 00:00:00.318529,0.49591064453125,0:00:00.009043,0:00:00.032531
DeckStack_npy,10000,356,0 days 00:00:00.060530,0.49603271484375,0:00:00,0:00:00.226087
DeckStack_bin,10000,357,0 days 00:00:00.316979,0.49591064453125,0:00:00.015198,0:00:00.040492
DeckStack_npy,10000,358,0 days 00:00:00.057275,0.49603271484375,0:00:00.039330,0:00:00.101917
DeckStack_bin,10000,359,0 days 00:00:00.301375,0.49591064453125,0:00:00.016875,0:00:00.035982
DeckStack_npy,10000,360,0 days 00:00:00.054838,0.49603271484375,0:00:00.037643,0:00:00.108238
DeckStack_bin,10000,361,0 days 00:00:00.372604,0.49591064453125,0:00:00.016488,0:00:00.045165
DeckStack_npy,10000,362,0 days 00:00:00.052896,0.49603271484375,0:00:00.005404,0:00:00.098131
DeckStack_bin,10000,363,0 days 00:00:00.323391,0.49591064453125,0:00:00.021442,0:00:00.038635
DeckStack_npy,10000,364,0 days 00:00:00.060837,0.49603271484375,0:00:00.004455,0:00:00.158119
DeckStack_bin,10000,365,0 days 00:00:00.395139,0.49591064453125,0:00:00.017806,0:00:00.048183
DeckStack_npy,10000,366,0 days 00:00:00.069829,0.49603271484375,0:00:00.038513,0:00:00.104334
DeckStack_bin,10000,367,0 days 00:00:00.346811,0.49591064453125,0:00:00.016121,0:00:00.036020
DeckStack_npy,10000,368,0 days 00:00:00.069570,0.49603271484375,0:00:00.038189,0:00:00.194772
DeckStack_bin,10000,369,0 days 00:00:00.366746,0.49591064453125,0:00:00.017134,0:00:00.027449
DeckStack_npy,10000,370,0 days 00:00:00.058646,0.49603271484375,0:00:00.041902,0:00:00.172001
DeckStack_bin,10000,371,0 days 00:00:00.344473,0.49591064453125,0:00:00.023996,0:00:00.116167
DeckStack_npy,10000,372,0 days 00:00:00.077066,0.49603271484375,0:00:00,0:00:00.124277
DeckStack_bin,10000,373,0 days 00:00:00.353224,0.49591064453125,0:00:00.017880,0:00:00.045890
DeckStack_npy,10000,374,0 days 00:00:00.063347,0.49603271484375,0:00:00.036198,0:00:00.122042
DeckStack_bin,10000,375,0 days 00:00:00.336061,0.49591064453125,0:00:00.016887,0:00:00.043354
DeckStack_npy,10000,376,0 days 00:00:00.071829,0.49603271484375,0:00:00.038035,0:00:00.167923
DeckStack_bin,10000,377,0 days 00:00:00.384728,0.49591064453125,0:00:00.015821,0:00:00.038780
DeckStack_npy,10000,378,0 days 00:00:00.061192,0.49603271484375,0:00:00.036550,0:00:00.145055
DeckStack_bin,10000,379,0 days 00:00:00.316680,0.49591064453125,0:00:00.016119,0:00:00.047933
DeckStack_npy,10000,380,0 days 00:00:00.066320,0.49603271484375,0:00:00.044430,0:00:00.178025
DeckStack_bin,10000,381,0 days 00:00:00.383516,0.49591064453125,0:00:00.016798,0:00:00.042703
DeckStack_npy,10000,382,0 days 00:00:00.065625,0.49603271484375,0:00:00.037116,0:00:00.163075
DeckStack_bin,10000,383,0 days 00:00:00.300572,0.49591064453125,0:00:00.015877,0:00:00.035453
DeckStack_npy,10000,384,0 days 00:00:00.061802,0.49603271484375,0:00:00.048315,0:00:00.111162
DeckStack_bin,10000,385,0 days 00:00:00.309334,0.49591064453125,0:00:00.017091,0:00:00.035499
DeckStack_npy,10000,386,0 days 00:00:00.063252,0.49603271484375,0:00:00.048278,0:00:00.111070
DeckStack_bin,10000,387,0 days 00:00:00.307561,0.49591064453125,0:00:00.026039,0:00:00.036680
DeckStack_npy,10000,388,0 days 00:00:00.069374,0.49603271484375,0:00:00.044258,0:00:00.130220
DeckStack_bin,10000,389,0 days 00:00:00.333044,0.49591064453125,0:00:00.015810,0:00:00.046823
DeckStack_npy,10000,390,0 days 00:00:00.049248,0.49603271484375,0:00:00.040342,0:00:00.152772
DeckStack_bin,10000,391,0 days 00:00:00.324695,0.49591064453125,0:00:00.017887,0:00:00.029506
DeckStack_npy,10000,392,0 days 00:00:00.059751,0.49603271484375,0:00:00.008974,0:00:00.345599
DeckStack_bin,10000,393,0 days 00:00:00.327627,0.49591064453125,0:00:00.017848,0:00:00.045650
DeckStack_npy,10000,394,0 days 00:00:00.063558,0.49603271484375,0:00:00.050994,0:00:00.113780
DeckStack_bin,10000,395,0 days 00:00:00.345728,0.49591064453125,0:00:00.014155,0:00:00.050072
DeckStack_npy,10000,396,0 days 00:00:00.016784,0.49603271484375,0:00:00.049038,0:00:00.116249
DeckStack_bin,10000,397,0 days 00:00:00.094811,0.49591064453125,0:00:00,0:00:00.034656
DeckStack_npy,10000,398,0 days 00:00:00.016022,0.49603271484375,0:00:00.037258,0:00:00.114682
DeckStack_bin,10000,399,0 days 00:00:00.100413,0.49591064453125,0:00:00,0:00:00.047648
DeckStackBin,10000,402,0 days 00:00:00.104433,,,
DeckStackNpy,10000,402,0 days 00:00:00.020613,0.49603271484375,0:00:00,0:00:00.232552
